
CREATE table usuario
(
    codigo bigint primary key,
    nome varchar(50) not null,
    email varchar(50) not null ,
    senha varchar(150) not null
);

create table permissao
(
    codigo bigint primary key ,
    descricao varchar(50) not null
);


create table usuario_permissao
(
    codigo_usuario integer not null,
    codigo_permissao integer not null,
    foreign key (codigo_usuario) references usuario(codigo),
    foreign key (codigo_permissao) references permissao(codigo)
);

INSERT INTO usuario (codigo, nome, email, senha)
values (1, 'Lucas Rodrigues',
        'lucas-oliveira25@outlook.com',
        '$2a$10$0xoV1UTFyH8MVlTttsMY8.N9PrRewdbl2RrS3vOdNC.VeyO0RZvA2');
INSERT INTO usuario (codigo, nome, email, senha)
values (2, 'Teste',
        'teste@email.com', '$2a$10$Zc3w6HyuPOPXamaMhh.PQOXvDnEsadztbfi6/RyZWJDzimE8WQjaq');
INSERT INTO usuario (codigo, nome, email, senha)
values (3, 'Administrador',
        'admin@email.com',
        '$2a$10$Zc3w6HyuPOPXamaMhh.PQOXvDnEsadztbfi6/RyZWJDzimE8WQjaq');

INSERT INTO permissao (codigo, descricao) values (1, 'ROLE_CADASTRAR_CATEGORIA');
INSERT INTO permissao (codigo, descricao) values (2, 'ROLE_PESQUISAR_CATEGORIA');

INSERT INTO permissao (codigo, descricao) values (3, 'ROLE_CADASTRAR_PESSOA');
INSERT INTO permissao (codigo, descricao) values (4, 'ROLE_REMOVER_PESSOA');
INSERT INTO permissao (codigo, descricao) values (5, 'ROLE_PESQUISAR_PESSOA');

INSERT INTO permissao (codigo, descricao) values (6, 'ROLE_CADASTRAR_LANCAMENTO');
INSERT INTO permissao (codigo, descricao) values (7, 'ROLE_REMOVER_LANCAMENTO');
INSERT INTO permissao (codigo, descricao) values (8, 'ROLE_PESQUISAR_LANCAMENTO');

-- admin
INSERT INTO usuario_permissao (codigo_usuario, codigo_permissao) values (1, 1);
INSERT INTO usuario_permissao (codigo_usuario, codigo_permissao) values (1, 2);
INSERT INTO usuario_permissao (codigo_usuario, codigo_permissao) values (1, 3);
INSERT INTO usuario_permissao (codigo_usuario, codigo_permissao) values (1, 4);
INSERT INTO usuario_permissao (codigo_usuario, codigo_permissao) values (1, 5);
INSERT INTO usuario_permissao (codigo_usuario, codigo_permissao) values (1, 6);
INSERT INTO usuario_permissao (codigo_usuario, codigo_permissao) values (1, 7);
INSERT INTO usuario_permissao (codigo_usuario, codigo_permissao) values (1, 8);

-- maria
INSERT INTO usuario_permissao (codigo_usuario, codigo_permissao) values (2, 2);
INSERT INTO usuario_permissao (codigo_usuario, codigo_permissao) values (2, 8);

INSERT INTO usuario_permissao (codigo_usuario, codigo_permissao) values (3, 1);
INSERT INTO usuario_permissao (codigo_usuario, codigo_permissao) values (3, 2);
INSERT INTO usuario_permissao (codigo_usuario, codigo_permissao) values (3, 3);
INSERT INTO usuario_permissao (codigo_usuario, codigo_permissao) values (3, 4);
INSERT INTO usuario_permissao (codigo_usuario, codigo_permissao) values (3, 5);
INSERT INTO usuario_permissao (codigo_usuario, codigo_permissao) values (3, 6);
INSERT INTO usuario_permissao (codigo_usuario, codigo_permissao) values (3, 7);
INSERT INTO usuario_permissao (codigo_usuario, codigo_permissao) values (3, 8);














